{"stats":{"minecraft:killed":{"minecraft:drowned":1,"alexsmobs:crow":1,"alexsmobs:terrapin":1},"minecraft:custom":{"minecraft:open_barrel":6,"minecraft:time_since_rest":8710,"minecraft:deaths":1,"minecraft:crouch_one_cm":1427,"minecraft:sprint_one_cm":25770,"minecraft:play_time":22655,"tombstone:undead_killed":1,"minecraft:damage_taken":2315,"minecraft:walk_one_cm":28896,"minecraft:sneak_time":444,"minecraft:walk_under_water_one_cm":444,"minecraft:mob_kills":3,"minecraft:drop":1,"minecraft:jump":203,"minecraft:damage_dealt":386,"minecraft:leave_game":2,"minecraft:time_since_death":9336,"minecraft:walk_on_water_one_cm":607,"minecraft:interact_with_smoker":1,"minecraft:climb_one_cm":3555,"minecraft:total_world_time":22655,"minecraft:swim_one_cm":803,"minecraft:fall_one_cm":5306,"minecraft:fly_one_cm":30966},"minecraft:dropped":{"supplementaries:flax_seeds":1},"minecraft:used":{"minecraft:oak_button":1,"alexsmobs:animal_dictionary":1},"minecraft:mined":{"minecraft:grass":1,"supplementaries:wild_flax":1,"biomesoplenty:high_grass_plant":2,"minecraft:oak_button":1},"minecraft:picked_up":{"minecraft:feather":1,"supplementaries:flax_seeds":2,"minecraft:oak_button":1}},"DataVersion":3465}