{"stats":{"minecraft:custom":{"minecraft:open_barrel":2,"minecraft:time_since_rest":4959,"minecraft:crouch_one_cm":476,"minecraft:leave_game":1,"minecraft:play_time":4959,"minecraft:sprint_one_cm":5912,"minecraft:damage_taken":40,"minecraft:time_since_death":4959,"minecraft:walk_one_cm":7078,"minecraft:sneak_time":137,"minecraft:total_world_time":4959,"minecraft:climb_one_cm":1246,"minecraft:fall_one_cm":1993,"minecraft:fly_one_cm":4852,"minecraft:jump":34},"minecraft:used":{"alexsmobs:animal_dictionary":1},"minecraft:mined":{"biomesoplenty:high_grass_plant":2}},"DataVersion":3465}