{"stats":{"minecraft:killed":{"minecraft:drowned":1},"minecraft:custom":{"minecraft:open_barrel":5,"minecraft:time_since_rest":3014,"minecraft:deaths":1,"minecraft:crouch_one_cm":682,"minecraft:sprint_one_cm":23102,"minecraft:play_time":16959,"tombstone:undead_killed":1,"minecraft:damage_taken":2315,"minecraft:walk_one_cm":22769,"minecraft:sneak_time":249,"minecraft:walk_under_water_one_cm":444,"minecraft:mob_kills":1,"minecraft:drop":1,"minecraft:jump":174,"minecraft:damage_dealt":248,"minecraft:leave_game":1,"minecraft:time_since_death":3640,"minecraft:walk_on_water_one_cm":607,"minecraft:climb_one_cm":2634,"minecraft:total_world_time":16959,"minecraft:swim_one_cm":803,"minecraft:fall_one_cm":5037,"minecraft:fly_one_cm":30918},"minecraft:dropped":{"supplementaries:flax_seeds":1},"minecraft:used":{"minecraft:oak_button":1,"alexsmobs:animal_dictionary":1},"minecraft:mined":{"minecraft:grass":1,"supplementaries:wild_flax":1,"biomesoplenty:high_grass_plant":2,"minecraft:oak_button":1},"minecraft:picked_up":{"supplementaries:flax_seeds":2,"minecraft:oak_button":1}},"DataVersion":3465}