{"stats":{"minecraft:used":{"alexsmobs:animal_dictionary":1},"minecraft:custom":{"minecraft:jump":29,"minecraft:time_since_rest":2031,"minecraft:leave_game":1,"minecraft:crouch_one_cm":476,"minecraft:damage_taken":40,"minecraft:sprint_one_cm":4614,"minecraft:play_time":2031,"minecraft:time_since_death":2031,"minecraft:walk_one_cm":5488,"minecraft:sneak_time":137,"minecraft:climb_one_cm":1246,"minecraft:total_world_time":2031,"minecraft:fall_one_cm":1993,"minecraft:fly_one_cm":3737,"minecraft:open_barrel":2},"minecraft:mined":{"biomesoplenty:high_grass_plant":2}},"DataVersion":3465}