{"stats":{"minecraft:killed":{"minecraft:spider":1,"minecraft:zombie":2},"minecraft:custom":{"minecraft:interact_with_furnace":17,"minecraft:mob_kills":4,"minecraft:interact_with_crafting_table":36,"minecraft:open_barrel":2,"minecraft:leave_game":1,"minecraft:time_since_death":88026,"minecraft:sleep_in_bed":4,"minecraft:time_since_rest":11857,"minecraft:sprint_one_cm":270150,"minecraft:damage_taken":630,"minecraft:walk_one_cm":124633,"minecraft:damage_dealt":1688,"minecraft:swim_one_cm":12889,"minecraft:fly_one_cm":281785,"minecraft:open_chest":53,"minecraft:crouch_one_cm":13565,"minecraft:play_time":88026,"tombstone:undead_killed":2,"minecraft:sneak_time":4989,"minecraft:walk_under_water_one_cm":6432,"minecraft:jump":1577,"minecraft:interact_with_blast_furnace":2,"minecraft:walk_on_water_one_cm":29600,"minecraft:total_world_time":88026,"minecraft:fall_one_cm":39536},"minecraft:picked_up":{"farmersdelight:rich_soil":1,"minecraft:crafting_table":2,"minecraft:wheat":1,"croptopia:grape_seed":1,"minecraft:andesite":14,"minecraft:oak_stairs":2,"minecraft:potato":7,"occultism:raw_silver":24,"minecraft:gold_block":1,"butchersdelight:deadpig":4,"create:raw_zinc":1,"minecraft:oak_log":1,"supplementaries:flax_seeds":5,"minecraft:yellow_bed":4,"minecraft:gunpowder":126,"mca:book_romance":1,"minecraft:lapis_lazuli":66,"minecraft:dirt":16,"minecraft:lantern":3,"minecraft:bone":11,"butchersdelight:dead_cow":3,"theurgy:sal_ammoniac_crystal":9,"minecraft:apple":12,"supplementaries:bomb":3,"minecraft:wheat_seeds":2,"minecraft:gold_nugget":27,"minecraft:cobbled_deepslate":9,"minecraft:raw_gold":26,"minecraft:beef":12,"minecraft:iron_nugget":21,"xercamod:item_tomato_seeds":1,"minecraft:chest":1,"minecraft:oak_planks":1,"minecraft:egg":1,"minecraft:stick":6,"minecraft:raw_iron":67,"minecraft:torch":6,"minecraft:dandelion":1,"butchersdelight:skullcow":3,"butchersdelight:cow_hide":3,"minecraft:porkchop":16,"farmersdelight:tomato_seeds":2,"farmersdelight:ham":4,"minecraft:diorite":3,"minecraft:spruce_log":16,"minecraft:carrot":3,"minecraft:spider_eye":1,"minecraft:redstone":22,"alexsmobs:animal_dictionary":1,"croptopia:grape":1,"minecraft:rotten_flesh":1,"minecraft:diamond":1,"farmersdelight:onion":3,"minecraft:hay_block":8,"tombstone:essence_of_undeath":1,"minecraft:gold_ingot":3,"minecraft:emerald":1,"butchersdelight:hook":3,"supplementaries:ash":14,"minecraft:oak_sapling":2,"minecraft:coal":12,"minecraft:cobblestone":52,"minecraft:ender_pearl":1},"minecraft:mined":{"minecraft:podzol":3,"create:deepslate_zinc_ore":1,"farmersdelight:rich_soil":1,"minecraft:crafting_table":2,"minecraft:glow_lichen":1,"biomesoplenty:bush":2,"minecraft:grass_block":1,"minecraft:chest":1,"occultism:silver_ore_deepslate":25,"minecraft:cobblestone":1,"minecraft:spruce_leaves":10,"theurgy:sal_ammoniac_ore":9,"minecraft:deepslate_gold_ore":23,"minecraft:oak_planks":1,"minecraft:diorite":3,"minecraft:wall_torch":1,"supplementaries:urn":10,"biomesoplenty:dead_branch":2,"minecraft:hay_block":8,"untamedwilds:block_burrow":1,"minecraft:redstone_ore":5,"minecraft:iron_ore":48,"minecraft:spruce_log":15,"minecraft:andesite":4,"minecraft:deepslate_lapis_ore":10,"minecraft:gold_block":1,"minecraft:yellow_bed":4,"butchersdelight:hook":3,"minecraft:grass":1,"supplementaries:stick":1,"minecraft:oak_log":1,"minecraft:coal_ore":12,"minecraft:deepslate_iron_ore":20,"minecraft:oak_stairs":1,"minecraft:lantern":2,"minecraft:dirt":12,"minecraft:stone":51,"minecraft:gold_ore":3,"minecraft:oak_leaves":4,"minecraft:deepslate":7,"luckytntmod:gunpowder_ore":16},"minecraft:used":{"croptopia:grape":1,"minecraft:diorite":1,"minecraft:chest":2,"butchersdelight:hook":6,"minecraft:iron_sword":42,"signpost:waystone":1,"farmersdelight:rich_soil":1,"minecraft:stick":1,"minecraft:torch":2,"minecraft:dirt":1,"minecraft:crafting_table":3,"minecraft:lantern":2,"minecraft:bread":21,"minecraft:iron_pickaxe":249,"minecraft:cobblestone":28,"minecraft:furnace":1,"minecraft:andesite":11,"minecraft:egg":1,"minecraft:yellow_bed":4,"alexsmobs:animal_dictionary":1,"minecraft:golden_axe":19},"minecraft:crafted":{"signpost:waystone":1,"minecraft:oak_planks":4,"minecraft:spruce_sign":6,"butchersdelight:hook":3,"minecraft:crafting_table":2,"minecraft:spruce_planks":64,"minecraft:iron_helmet":2,"minecraft:iron_sword":2,"minecraft:furnace":1,"minecraft:stone":11,"butchersdelight:cleaver":1,"minecraft:bread":24,"minecraft:air":0,"minecraft:iron_boots":1,"minecraft:iron_chestplate":2,"minecraft:shield":2,"minecraft:stick":8,"minecraft:iron_ingot":51,"minecraft:iron_pickaxe":3,"signpost:post_stone":6,"minecraft:chest":1,"minecraft:gold_ingot":9,"minecraft:iron_leggings":1,"minecraft:wheat":72},"minecraft:broken":{"minecraft:iron_pickaxe":1}},"DataVersion":3465}