{"stats":{"minecraft:killed":{"minecraft:spider":1,"minecraft:zombie":2,"untamedwilds:bison":3},"minecraft:custom":{"minecraft:mob_kills":7,"minecraft:interact_with_crafting_table":42,"minecraft:open_barrel":2,"minecraft:leave_game":1,"minecraft:time_since_death":100026,"minecraft:sprint_one_cm":290791,"minecraft:walk_one_cm":133920,"minecraft:play_time":100026,"minecraft:sneak_time":5027,"minecraft:walk_under_water_one_cm":6432,"minecraft:jump":1678,"minecraft:interact_with_blast_furnace":2,"minecraft:walk_on_water_one_cm":29600,"minecraft:total_world_time":100026,"minecraft:interact_with_furnace":26,"minecraft:sleep_in_bed":5,"minecraft:time_since_rest":10520,"minecraft:damage_taken":709,"minecraft:damage_dealt":2753,"minecraft:swim_one_cm":12889,"minecraft:fly_one_cm":297103,"minecraft:open_chest":62,"minecraft:crouch_one_cm":13689,"tombstone:undead_killed":2,"minecraft:fall_one_cm":40927},"minecraft:picked_up":{"signpost:post_stone":1,"minecraft:crafting_table":2,"minecraft:wheat":1,"croptopia:grape_seed":1,"minecraft:oak_stairs":2,"occultism:raw_silver":24,"minecraft:gold_block":1,"minecraft:string":1,"butchersdelight:dead_cow":3,"supplementaries:bomb":3,"minecraft:gold_nugget":27,"minecraft:cobbled_deepslate":9,"minecraft:beef":17,"minecraft:iron_nugget":21,"xercamod:item_tomato_seeds":1,"minecraft:chest":1,"minecraft:egg":1,"minecraft:stick":6,"minecraft:raw_iron":67,"minecraft:torch":6,"minecraft:porkchop":16,"farmersdelight:tomato_seeds":2,"minecraft:diorite":3,"minecraft:carrot":3,"minecraft:redstone":22,"croptopia:grape":1,"minecraft:rotten_flesh":1,"farmersdelight:onion":3,"minecraft:hay_block":8,"minecraft:gold_ingot":3,"tombstone:essence_of_undeath":1,"supplementaries:ash":14,"minecraft:cobblestone":52,"farmersdelight:rich_soil":1,"biomesoplenty:dried_salt":1,"minecraft:andesite":14,"minecraft:leather":6,"minecraft:potato":7,"butchersdelight:deadpig":4,"create:raw_zinc":1,"minecraft:oak_log":1,"supplementaries:flax_seeds":5,"minecraft:yellow_bed":4,"minecraft:gunpowder":126,"mca:book_romance":1,"minecraft:lapis_lazuli":66,"minecraft:dirt":16,"minecraft:lantern":3,"minecraft:bone":21,"minecraft:apple":12,"theurgy:sal_ammoniac_crystal":9,"untamedwilds:material_fat":4,"minecraft:wheat_seeds":2,"minecraft:raw_gold":26,"minecraft:oak_planks":1,"minecraft:dandelion":1,"butchersdelight:skullcow":3,"signpost:waystone":1,"butchersdelight:cow_hide":3,"minecraft:spruce_log":16,"farmersdelight:ham":4,"alexsmobs:animal_dictionary":1,"minecraft:spider_eye":1,"minecraft:diamond":1,"minecraft:emerald":1,"minecraft:oak_sapling":2,"butchersdelight:hook":3,"minecraft:coal":12,"minecraft:ender_pearl":1},"minecraft:mined":{"create:deepslate_zinc_ore":1,"farmersdelight:rich_soil":1,"minecraft:glow_lichen":1,"biomesoplenty:bush":2,"minecraft:grass_block":1,"occultism:silver_ore_deepslate":25,"biomesoplenty:dried_salt":1,"minecraft:spruce_leaves":10,"minecraft:hay_block":8,"minecraft:redstone_ore":5,"signpost:post_stone":1,"minecraft:iron_ore":48,"minecraft:andesite":4,"minecraft:deepslate_lapis_ore":10,"minecraft:gold_block":1,"supplementaries:stick":1,"minecraft:deepslate_iron_ore":20,"minecraft:oak_stairs":1,"minecraft:lantern":2,"minecraft:stone":51,"minecraft:podzol":3,"minecraft:crafting_table":2,"minecraft:chest":1,"minecraft:cobblestone":1,"theurgy:sal_ammoniac_ore":9,"minecraft:deepslate_gold_ore":23,"minecraft:oak_planks":1,"minecraft:diorite":3,"signpost:waystone":1,"minecraft:wall_torch":1,"biomesoplenty:dead_branch":2,"supplementaries:urn":10,"untamedwilds:block_burrow":1,"minecraft:spruce_log":15,"minecraft:yellow_bed":4,"minecraft:grass":1,"minecraft:coal_ore":12,"butchersdelight:hook":3,"minecraft:oak_log":1,"minecraft:dirt":12,"minecraft:gold_ore":3,"minecraft:oak_leaves":4,"minecraft:deepslate":7,"luckytntmod:gunpowder_ore":16},"minecraft:used":{"minecraft:chest":2,"minecraft:iron_sword":56,"butchersdelight:hook":6,"farmersdelight:rich_soil":1,"minecraft:stick":1,"minecraft:torch":2,"minecraft:dirt":1,"signpost:post_stone":1,"minecraft:lantern":2,"minecraft:furnace":1,"minecraft:egg":1,"minecraft:golden_axe":19,"croptopia:grape":1,"minecraft:diorite":1,"signpost:waystone":2,"minecraft:crafting_table":3,"minecraft:bread":21,"minecraft:iron_pickaxe":252,"biomesoplenty:dried_salt":1,"minecraft:cobblestone":28,"minecraft:andesite":11,"minecraft:yellow_bed":4,"alexsmobs:animal_dictionary":1},"minecraft:crafted":{"minecraft:oak_planks":4,"minecraft:furnace":1,"minecraft:stone":11,"magistuarmory:silver_shortsword":2,"magistuarmory:hilt":4,"minecraft:iron_boots":1,"magistuarmory:silver_zweihander":2,"signpost:post_stone":6,"minecraft:chest":1,"minecraft:wheat":72,"signpost:waystone":1,"minecraft:spruce_sign":6,"butchersdelight:hook":3,"occultism:silver_ingot":24,"minecraft:crafting_table":2,"minecraft:spruce_planks":64,"minecraft:iron_helmet":2,"minecraft:iron_sword":2,"butchersdelight:cleaver":1,"minecraft:bread":24,"minecraft:air":0,"minecraft:iron_chestplate":2,"minecraft:shield":2,"minecraft:stick":12,"minecraft:iron_ingot":67,"minecraft:iron_pickaxe":3,"minecraft:iron_leggings":1,"minecraft:gold_ingot":9,"magistuarmory:leather_strip":18},"minecraft:broken":{"minecraft:iron_pickaxe":1}},"DataVersion":3465}