{"stats":{"minecraft:picked_up":{"minecraft:arrow":1,"croptopia:persimmon":3,"minecraft:bow":1,"friendsandfoes:totem_of_illusion":1,"minecraft:oak_log":3,"minecraft:emerald":1},"minecraft:killed":{"minecraft:illusioner":1,"minecraft:husk":1},"minecraft:custom":{"minecraft:time_since_rest":17125,"minecraft:interact_with_anvil":2,"tombstone:undead_killed":1,"minecraft:crouch_one_cm":642,"minecraft:play_time":17125,"minecraft:sprint_one_cm":41852,"minecraft:damage_taken":80,"minecraft:walk_one_cm":10920,"minecraft:sneak_time":531,"minecraft:walk_under_water_one_cm":37,"minecraft:mob_kills":2,"minecraft:jump":205,"tombstone:raider_killed":1,"minecraft:damage_dealt":720,"minecraft:time_since_death":17125,"minecraft:walk_on_water_one_cm":75,"minecraft:total_world_time":17125,"minecraft:swim_one_cm":754,"minecraft:fall_one_cm":8318,"minecraft:fly_one_cm":311337},"minecraft:mined":{"croptopia:persimmon_crop":3,"minecraft:oak_log":3,"minecraft:pumpkin":2},"minecraft:used":{"croptopia:persimmon":3,"minecraft:anvil":1,"alexsmobs:animal_dictionary":1},"minecraft:crafted":{"minecraft:oak_planks":12,"minecraft:crafting_table":1}},"DataVersion":3465}