{"stats":{"minecraft:custom":{"minecraft:time_since_rest":3785,"minecraft:sprint_one_cm":31826,"minecraft:damage_taken":70,"minecraft:walk_one_cm":25860,"minecraft:damage_dealt":90,"minecraft:interact_with_crafting_table":5,"minecraft:fly_one_cm":25123,"minecraft:open_chest":13,"minecraft:crouch_one_cm":2746,"minecraft:play_time":16026,"minecraft:sneak_time":668,"minecraft:walk_under_water_one_cm":513,"minecraft:jump":154,"minecraft:leave_game":1,"minecraft:time_since_death":16026,"minecraft:walk_on_water_one_cm":68,"minecraft:sleep_in_bed":1,"minecraft:total_world_time":16026,"minecraft:fall_one_cm":5447},"minecraft:picked_up":{"minecraft:raw_iron":8,"minecraft:stick":1,"farmersdelight:rich_soil":1,"minecraft:andesite":2,"minecraft:torch":4,"minecraft:oak_log":1,"minecraft:spruce_log":4,"butchersdelight:dead_cow":1,"minecraft:oak_sapling":1,"minecraft:cobblestone":4},"minecraft:mined":{"farmersdelight:rich_soil":1,"minecraft:iron_ore":8,"minecraft:spruce_log":4,"minecraft:andesite":2,"biomesoplenty:bush":1,"minecraft:oak_log":1,"supplementaries:stick":1,"minecraft:spruce_leaves":3,"minecraft:stone":4,"minecraft:oak_leaves":4,"minecraft:wall_torch":1},"minecraft:used":{"minecraft:bread":3,"minecraft:iron_pickaxe":15,"farmersdelight:rich_soil":1,"minecraft:stick":1,"minecraft:torch":1,"minecraft:crafting_table":1,"alexsmobs:animal_dictionary":1},"minecraft:crafted":{"minecraft:oak_planks":4,"minecraft:crafting_table":1,"minecraft:spruce_planks":16,"minecraft:stick":4,"minecraft:iron_pickaxe":1}},"DataVersion":3465}