{"stats":{"minecraft:custom":{"minecraft:time_since_rest":2851,"minecraft:interact_with_furnace":3,"minecraft:sprint_one_cm":68305,"minecraft:damage_taken":95,"minecraft:walk_one_cm":42580,"minecraft:damage_dealt":133,"minecraft:swim_one_cm":363,"minecraft:interact_with_crafting_table":9,"minecraft:fly_one_cm":64384,"minecraft:open_chest":19,"minecraft:crouch_one_cm":4887,"minecraft:play_time":28026,"minecraft:sneak_time":1915,"minecraft:walk_under_water_one_cm":2294,"minecraft:jump":392,"minecraft:leave_game":1,"minecraft:time_since_death":28026,"minecraft:walk_on_water_one_cm":3026,"minecraft:sleep_in_bed":2,"minecraft:total_world_time":28026,"minecraft:fall_one_cm":9714},"minecraft:picked_up":{"minecraft:raw_iron":17,"minecraft:stick":3,"farmersdelight:rich_soil":1,"minecraft:wheat":1,"minecraft:andesite":4,"minecraft:torch":6,"minecraft:dandelion":1,"minecraft:oak_stairs":2,"farmersdelight:tomato_seeds":2,"minecraft:oak_log":1,"minecraft:gunpowder":126,"minecraft:yellow_bed":4,"minecraft:spruce_log":4,"mca:book_romance":1,"alexsmobs:animal_dictionary":1,"minecraft:dirt":15,"minecraft:apple":12,"theurgy:sal_ammoniac_crystal":9,"butchersdelight:dead_cow":1,"minecraft:diamond":1,"minecraft:wheat_seeds":2,"farmersdelight:onion":3,"minecraft:gold_nugget":2,"minecraft:gold_ingot":3,"minecraft:emerald":1,"minecraft:oak_sapling":2,"minecraft:chest":1,"minecraft:coal":12,"minecraft:cobblestone":30},"minecraft:mined":{"biomesoplenty:dead_branch":2,"minecraft:podzol":3,"farmersdelight:rich_soil":1,"minecraft:iron_ore":17,"minecraft:spruce_log":4,"minecraft:andesite":4,"minecraft:yellow_bed":4,"minecraft:coal_ore":12,"biomesoplenty:bush":1,"minecraft:oak_log":1,"supplementaries:stick":1,"minecraft:chest":1,"minecraft:oak_stairs":1,"minecraft:dirt":12,"theurgy:sal_ammoniac_ore":9,"minecraft:spruce_leaves":3,"minecraft:stone":30,"minecraft:oak_leaves":4,"minecraft:wall_torch":1,"luckytntmod:gunpowder_ore":16},"minecraft:used":{"minecraft:bread":5,"minecraft:iron_pickaxe":92,"minecraft:chest":2,"farmersdelight:rich_soil":1,"minecraft:stick":1,"minecraft:torch":1,"minecraft:cobblestone":6,"minecraft:crafting_table":1,"minecraft:furnace":1,"minecraft:yellow_bed":4,"minecraft:andesite":2,"alexsmobs:animal_dictionary":1},"minecraft:crafted":{"minecraft:oak_planks":4,"minecraft:crafting_table":1,"minecraft:spruce_planks":16,"minecraft:stick":4,"minecraft:iron_pickaxe":1,"minecraft:chest":1,"minecraft:furnace":1}},"DataVersion":3465}