{"stats":{"minecraft:picked_up":{"minecraft:oak_log":3,"croptopia:persimmon":3},"minecraft:mined":{"minecraft:oak_log":3,"croptopia:persimmon_crop":3},"minecraft:custom":{"minecraft:jump":146,"minecraft:walk_on_water_one_cm":75,"minecraft:time_since_rest":5125,"minecraft:damage_taken":80,"minecraft:crouch_one_cm":621,"minecraft:sprint_one_cm":26908,"minecraft:play_time":5125,"minecraft:time_since_death":5125,"minecraft:walk_one_cm":5182,"minecraft:sneak_time":332,"minecraft:total_world_time":5125,"minecraft:walk_under_water_one_cm":37,"minecraft:swim_one_cm":754,"minecraft:fall_one_cm":6228,"minecraft:fly_one_cm":29839},"minecraft:used":{"croptopia:persimmon":3,"alexsmobs:animal_dictionary":1},"minecraft:crafted":{"minecraft:crafting_table":1,"minecraft:oak_planks":12}},"DataVersion":3465}