{"stats":{"minecraft:custom":{"minecraft:interact_with_furnace":8,"minecraft:interact_with_crafting_table":14,"minecraft:leave_game":1,"minecraft:time_since_death":40026,"minecraft:sleep_in_bed":3,"minecraft:time_since_rest":1251,"minecraft:sprint_one_cm":117821,"minecraft:damage_taken":135,"minecraft:walk_one_cm":53027,"minecraft:damage_dealt":223,"minecraft:swim_one_cm":363,"minecraft:fly_one_cm":127624,"minecraft:open_chest":28,"minecraft:crouch_one_cm":6429,"minecraft:play_time":40026,"minecraft:sneak_time":2347,"minecraft:walk_under_water_one_cm":2294,"minecraft:jump":653,"minecraft:walk_on_water_one_cm":3026,"minecraft:total_world_time":40026,"minecraft:fall_one_cm":19584},"minecraft:picked_up":{"farmersdelight:rich_soil":1,"minecraft:crafting_table":1,"minecraft:wheat":1,"minecraft:andesite":4,"minecraft:oak_stairs":2,"minecraft:potato":7,"minecraft:gold_block":1,"minecraft:oak_log":1,"minecraft:yellow_bed":4,"minecraft:gunpowder":126,"mca:book_romance":1,"minecraft:dirt":15,"butchersdelight:dead_cow":1,"theurgy:sal_ammoniac_crystal":9,"minecraft:apple":12,"minecraft:wheat_seeds":2,"minecraft:gold_nugget":2,"minecraft:chest":1,"minecraft:egg":1,"minecraft:stick":3,"minecraft:raw_iron":17,"minecraft:torch":6,"minecraft:dandelion":1,"farmersdelight:tomato_seeds":2,"minecraft:spruce_log":5,"minecraft:carrot":3,"alexsmobs:animal_dictionary":1,"minecraft:diamond":1,"farmersdelight:onion":3,"minecraft:hay_block":8,"minecraft:gold_ingot":3,"minecraft:emerald":1,"minecraft:oak_sapling":2,"minecraft:coal":12,"minecraft:cobblestone":30},"minecraft:mined":{"minecraft:podzol":3,"farmersdelight:rich_soil":1,"minecraft:crafting_table":1,"biomesoplenty:bush":1,"minecraft:chest":1,"minecraft:spruce_leaves":3,"theurgy:sal_ammoniac_ore":9,"minecraft:wall_torch":1,"biomesoplenty:dead_branch":2,"minecraft:hay_block":8,"minecraft:iron_ore":17,"minecraft:spruce_log":5,"minecraft:andesite":4,"minecraft:gold_block":1,"minecraft:yellow_bed":4,"supplementaries:stick":1,"minecraft:oak_log":1,"minecraft:coal_ore":12,"minecraft:oak_stairs":1,"minecraft:dirt":12,"minecraft:stone":30,"minecraft:oak_leaves":4,"luckytntmod:gunpowder_ore":16},"minecraft:used":{"minecraft:chest":2,"minecraft:iron_sword":1,"farmersdelight:rich_soil":1,"minecraft:stick":1,"minecraft:torch":1,"minecraft:crafting_table":2,"minecraft:bread":8,"minecraft:iron_pickaxe":93,"minecraft:cobblestone":6,"minecraft:furnace":1,"minecraft:andesite":2,"minecraft:egg":1,"minecraft:yellow_bed":4,"alexsmobs:animal_dictionary":1},"minecraft:crafted":{"minecraft:oak_planks":4,"minecraft:crafting_table":2,"minecraft:spruce_planks":20,"minecraft:iron_sword":1,"minecraft:furnace":1,"minecraft:bread":24,"minecraft:air":0,"minecraft:iron_chestplate":1,"minecraft:stick":4,"minecraft:iron_ingot":17,"minecraft:iron_pickaxe":1,"minecraft:chest":1,"minecraft:gold_ingot":9,"minecraft:iron_leggings":1,"minecraft:wheat":72}},"DataVersion":3465}