{"stats":{"minecraft:killed":{"minecraft:zombie":2},"minecraft:custom":{"minecraft:interact_with_furnace":8,"minecraft:mob_kills":3,"minecraft:interact_with_crafting_table":14,"minecraft:leave_game":1,"minecraft:time_since_death":52026,"minecraft:sleep_in_bed":3,"minecraft:time_since_rest":13251,"minecraft:sprint_one_cm":168543,"minecraft:damage_taken":482,"minecraft:walk_one_cm":84238,"minecraft:damage_dealt":1417,"minecraft:swim_one_cm":5597,"minecraft:fly_one_cm":181158,"minecraft:open_chest":28,"minecraft:crouch_one_cm":9870,"minecraft:play_time":52026,"tombstone:undead_killed":2,"minecraft:sneak_time":3289,"minecraft:walk_under_water_one_cm":5930,"minecraft:jump":968,"minecraft:walk_on_water_one_cm":16891,"minecraft:total_world_time":52026,"minecraft:fall_one_cm":29016},"minecraft:picked_up":{"farmersdelight:rich_soil":1,"minecraft:crafting_table":1,"minecraft:wheat":1,"croptopia:grape_seed":1,"minecraft:andesite":14,"minecraft:oak_stairs":2,"minecraft:potato":7,"minecraft:gold_block":1,"butchersdelight:deadpig":4,"minecraft:oak_log":1,"supplementaries:flax_seeds":3,"minecraft:yellow_bed":4,"minecraft:gunpowder":126,"mca:book_romance":1,"minecraft:lapis_lazuli":28,"minecraft:dirt":15,"butchersdelight:dead_cow":3,"theurgy:sal_ammoniac_crystal":9,"minecraft:apple":12,"minecraft:wheat_seeds":2,"minecraft:gold_nugget":2,"minecraft:cobbled_deepslate":2,"minecraft:raw_gold":3,"xercamod:item_tomato_seeds":1,"minecraft:chest":1,"minecraft:egg":1,"minecraft:stick":3,"minecraft:raw_iron":38,"minecraft:torch":6,"minecraft:dandelion":1,"farmersdelight:tomato_seeds":2,"minecraft:diorite":3,"minecraft:spruce_log":5,"minecraft:carrot":3,"minecraft:redstone":22,"alexsmobs:animal_dictionary":1,"croptopia:grape":1,"minecraft:rotten_flesh":1,"minecraft:diamond":1,"farmersdelight:onion":3,"minecraft:hay_block":8,"tombstone:essence_of_undeath":1,"minecraft:gold_ingot":3,"minecraft:emerald":1,"supplementaries:ash":7,"minecraft:oak_sapling":2,"minecraft:coal":12,"minecraft:cobblestone":38},"minecraft:mined":{"minecraft:podzol":3,"farmersdelight:rich_soil":1,"minecraft:crafting_table":1,"minecraft:glow_lichen":1,"biomesoplenty:bush":2,"minecraft:chest":1,"minecraft:spruce_leaves":3,"theurgy:sal_ammoniac_ore":9,"minecraft:diorite":3,"minecraft:wall_torch":1,"supplementaries:urn":2,"biomesoplenty:dead_branch":2,"minecraft:hay_block":8,"minecraft:redstone_ore":5,"minecraft:iron_ore":38,"minecraft:spruce_log":5,"minecraft:andesite":4,"minecraft:deepslate_lapis_ore":4,"minecraft:gold_block":1,"minecraft:yellow_bed":4,"minecraft:grass":1,"supplementaries:stick":1,"minecraft:oak_log":1,"minecraft:coal_ore":12,"minecraft:deepslate_iron_ore":2,"minecraft:oak_stairs":1,"minecraft:dirt":12,"minecraft:stone":38,"minecraft:gold_ore":3,"minecraft:oak_leaves":4,"minecraft:deepslate":2,"luckytntmod:gunpowder_ore":16},"minecraft:used":{"croptopia:grape":1,"minecraft:diorite":1,"minecraft:chest":2,"minecraft:iron_sword":27,"farmersdelight:rich_soil":1,"minecraft:stick":1,"minecraft:torch":2,"minecraft:crafting_table":2,"minecraft:bread":12,"minecraft:iron_pickaxe":144,"minecraft:cobblestone":7,"minecraft:furnace":1,"minecraft:andesite":11,"minecraft:egg":1,"minecraft:yellow_bed":4,"alexsmobs:animal_dictionary":1},"minecraft:crafted":{"minecraft:oak_planks":4,"minecraft:crafting_table":2,"minecraft:spruce_planks":20,"minecraft:iron_sword":1,"minecraft:furnace":1,"minecraft:bread":24,"minecraft:air":0,"minecraft:iron_chestplate":1,"minecraft:stick":4,"minecraft:iron_ingot":17,"minecraft:iron_pickaxe":1,"minecraft:chest":1,"minecraft:gold_ingot":9,"minecraft:iron_leggings":1,"minecraft:wheat":72}},"DataVersion":3465}