[
  {
    "uuid": "48ca0ed9-b5f9-3c14-8851-ab7ec172b0ab",
    "displayName": {
      "insertion": "Frannciisscoo",
      "clickEvent": {
        "action": "suggest_command",
        "value": "/tell Frannciisscoo "
      },
      "hoverEvent": {
        "action": "show_entity",
        "contents": {
          "type": "minecraft:player",
          "id": "48ca0ed9-b5f9-3c14-8851-ab7ec172b0ab",
          "name": {
            "text": "Frannciisscoo"
          }
        }
      },
      "extra": [
        {
          "text": "Frannciisscoo"
        }
      ],
      "text": ""
    },
    "animation": "null"
  }
]