[
  {
    "uuid": "0a942fc9-e550-4dcf-8da4-65a9ca92c3e4",
    "displayName": {
      "insertion": "Frannciisscoo",
      "clickEvent": {
        "action": "suggest_command",
        "value": "/tell Frannciisscoo "
      },
      "hoverEvent": {
        "action": "show_entity",
        "contents": {
          "type": "minecraft:player",
          "id": "0a942fc9-e550-4dcf-8da4-65a9ca92c3e4",
          "name": {
            "text": "Frannciisscoo"
          }
        }
      },
      "extra": [
        {
          "text": "Frannciisscoo"
        }
      ],
      "text": ""
    },
    "animation": "null"
  }
]